finding_id,finding,source_type,source,collected_utc,archive_link,confidence,notes
F01,Domain quickkicks-outlet.example created 2025-06-02,whois,ExampleReg LLC whois record,2025-08-05T09:12Z,archive.example/wb/whois-qk,High,young domain
F02,Registrant email dkmstore2019@mail.example,whois,whois record (privacy partially lifted),2025-08-05T09:12Z,archive.example/wb/whois-qk,Medium,pivot #1
F03,Hosting IP 198.51.100.23 (shared),dns,dig ANY + passive DNS,2025-08-05T09:20Z,archive.example/wb/dns-qk,High,shared host
F04,TLS cert SAN also covers kixdeals.example,tls_ct_log,CT-log search,2025-08-05T09:35Z,archive.example/wb/ct-qk,High,pivot #2
F05,Archived footer shows (c) KixDeals + help@kixdeals.example,archive,Wayback snapshot 2025-06-10,2025-08-05T10:02Z,web.archive.org/.../quickkicks-outlet.example,High,re-skin mistake
F06,Site parked/404 by 2025-08-01,archive,Wayback snapshot,2025-08-05T10:05Z,web.archive.org/.../quickkicks-outlet.example,High,abandoned
F07,Email also registered kixdeals.example + sneakervault.invalid,reverse_whois,reverse-whois service,2025-08-05T10:30Z,archive.example/wb/revwhois,Medium,pivot cluster
F08,Username dkmstore2019 on marketplace + forum,username_enum,username search tool,2025-08-05T10:48Z,archive.example/wb/uname,Medium,persona
F09,Forum post advertises dropship store kits,archive,archived forum thread,2025-08-05T10:55Z,archive.example/wb/forum,Medium,motive/MO
F10,Hero banner reused on sneakervault.invalid,reverse_image,reverse image search,2025-08-05T11:10Z,archive.example/wb/img1,Medium,shared kit
F11,About-page owner headshot is a stock photo (40+ sites),reverse_image,reverse image search,2025-08-05T11:18Z,archive.example/wb/img2,High,refutes claimed owner
